<library path="addverb_cobot_controllers">
  <class name="addverb_cobot_controllers/GripperController" type="addverb_cobot_controllers::GripperController" base_class_type="controller_interface::ControllerInterface">
    <description>
      Gripper controller for robot
    </description>
  </class>

  <class name="addverb_cobot_controllers/PTPJointController" type="addverb_cobot_controllers::PTPJointController" base_class_type="controller_interface::ControllerInterface">
    <description>
      This controller publishes the ptp commands to the robot.
    </description>
  </class>

  <class name="addverb_cobot_controllers/FreeDriveController" type="addverb_cobot_controllers::FreeDriveController" base_class_type="controller_interface::ControllerInterface">
    <description>
       This controller sets free drive mode for robot.
    </description>
  </class>

  <class name="addverb_cobot_controllers/RecorderController" type="addverb_cobot_controllers::RecorderController" base_class_type="controller_interface::ControllerInterface">
    <description>
       This controller records and replay trajectories.
    </description>
  </class>

  <class name="addverb_cobot_controllers/PTPTCPController" type="addverb_cobot_controllers::PTPTCPController" base_class_type="controller_interface::ControllerInterface">
    <description>
       This controller send command to the robot for ptp tcp transfer.
    </description>
  </class>

  <class name="addverb_cobot_controllers/JointJoggingController" type="addverb_cobot_controllers::JointJoggingController" base_class_type="controller_interface::ControllerInterface">
    <description>
       This controller sends commands to jog the robot joint-wise.
    </description>
  </class>

  <class name="addverb_cobot_controllers/VelocityController" type="addverb_cobot_controllers::VelocityController" base_class_type="controller_interface::ControllerInterface">
    <description>
       This controller sends commands joint velocity commands to the robot.
    </description>
  </class>

  <class name="addverb_cobot_controllers/CartesianJoggingController" type="addverb_cobot_controllers::CartesianJoggingController" base_class_type="controller_interface::ControllerInterface">
  <description>
       This controller sends commands to jog the robot axis-wise.
  </description>
  </class>

  <class name="addverb_cobot_controllers/JointImpedanceController" type="addverb_cobot_controllers::JointImpedanceController" base_class_type="controller_interface::ControllerInterface">
  <description>
       This controller sets the joint impedance of the robot.
  </description>
  </class>

  <class name="addverb_cobot_controllers/CartesianImpedanceController" type="addverb_cobot_controllers::CartesianImpedanceController" base_class_type="controller_interface::ControllerInterface">
  <description>
       This controller sets the cartesian impedance of the robot.
  </description>
  </class>

  <class name="addverb_cobot_controllers/GripperController" type="addverb_cobot_controllers::GripperController" base_class_type="controller_interface::ControllerInterface">
  <description>
       This controller sets gripper controller.
  </description>
  </class>

  <class name="addverb_cobot_controllers/GravityCompEffortController" type="addverb_cobot_controllers::GravityCompEffortController" base_class_type="controller_interface::ControllerInterface">
  <description>
       This controller sets the joint effort commands with gravity compensation to robot 
  </description>
  </class>

  <class name="addverb_cobot_controllers/EffortController" type="addverb_cobot_controllers::EffortController" base_class_type="controller_interface::ControllerInterface">
  <description>
       This controller sets the joint effort commands to robot.
  </description>
  </class>

  
  
</library>